,LeagueId,SeasonId,RoundApiId
0,78,2016,78-2016-1
1,78,2016,78-2016-2
2,78,2016,78-2016-3
3,78,2016,78-2016-4
4,78,2016,78-2016-5
5,78,2016,78-2016-6
6,78,2016,78-2016-7
7,78,2016,78-2016-8
8,78,2016,78-2016-9
9,78,2016,78-2016-10
10,78,2016,78-2016-11
11,78,2016,78-2016-12
12,78,2016,78-2016-13
13,78,2016,78-2016-14
14,78,2016,78-2016-15
15,78,2016,78-2016-16
16,78,2016,78-2016-17
17,78,2016,78-2016-18
18,78,2016,78-2016-19
19,78,2016,78-2016-20
20,78,2016,78-2016-21
21,78,2016,78-2016-22
22,78,2016,78-2016-23
23,78,2016,78-2016-24
24,78,2016,78-2016-25
25,78,2016,78-2016-26
26,78,2016,78-2016-27
27,78,2016,78-2016-28
28,78,2016,78-2016-29
29,78,2016,78-2016-30
30,78,2016,78-2016-31
31,78,2016,78-2016-32
32,78,2016,78-2016-33
33,78,2016,78-2016-34
34,78,2017,78-2017-1
35,78,2017,78-2017-2
36,78,2017,78-2017-3
37,78,2017,78-2017-4
38,78,2017,78-2017-5
39,78,2017,78-2017-6
40,78,2017,78-2017-7
41,78,2017,78-2017-8
42,78,2017,78-2017-9
43,78,2017,78-2017-10
44,78,2017,78-2017-11
45,78,2017,78-2017-12
46,78,2017,78-2017-13
47,78,2017,78-2017-14
48,78,2017,78-2017-15
49,78,2017,78-2017-16
50,78,2017,78-2017-17
51,78,2017,78-2017-18
52,78,2017,78-2017-19
53,78,2017,78-2017-20
54,78,2017,78-2017-21
55,78,2017,78-2017-22
56,78,2017,78-2017-23
57,78,2017,78-2017-24
58,78,2017,78-2017-25
59,78,2017,78-2017-26
60,78,2017,78-2017-27
61,78,2017,78-2017-28
62,78,2017,78-2017-29
63,78,2017,78-2017-30
64,78,2017,78-2017-31
65,78,2017,78-2017-32
66,78,2017,78-2017-33
67,78,2017,78-2017-34
68,78,2018,78-2018-1
69,78,2018,78-2018-2
70,78,2018,78-2018-3
71,78,2018,78-2018-4
72,78,2018,78-2018-5
73,78,2018,78-2018-6
74,78,2018,78-2018-7
75,78,2018,78-2018-8
76,78,2018,78-2018-9
77,78,2018,78-2018-10
78,78,2018,78-2018-11
79,78,2018,78-2018-12
80,78,2018,78-2018-13
81,78,2018,78-2018-14
82,78,2018,78-2018-15
83,78,2018,78-2018-16
84,78,2018,78-2018-17
85,78,2018,78-2018-18
86,78,2018,78-2018-19
87,78,2018,78-2018-20
88,78,2018,78-2018-21
89,78,2018,78-2018-22
90,78,2018,78-2018-23
91,78,2018,78-2018-24
92,78,2018,78-2018-25
93,78,2018,78-2018-26
94,78,2018,78-2018-27
95,78,2018,78-2018-28
96,78,2018,78-2018-29
97,78,2018,78-2018-30
98,78,2018,78-2018-31
99,78,2018,78-2018-32
100,78,2018,78-2018-33
101,78,2018,78-2018-34
102,78,2018,78-2018--1
103,78,2019,78-2019-1
104,78,2019,78-2019-2
105,78,2019,78-2019-3
106,78,2019,78-2019-4
107,78,2019,78-2019-5
108,78,2019,78-2019-6
109,78,2019,78-2019-7
110,78,2019,78-2019-8
111,78,2019,78-2019-9
112,78,2019,78-2019-10
113,78,2019,78-2019-11
114,78,2019,78-2019-12
115,78,2019,78-2019-13
116,78,2019,78-2019-14
117,78,2019,78-2019-15
118,78,2019,78-2019-16
119,78,2019,78-2019-17
120,78,2019,78-2019-18
121,78,2019,78-2019-19
122,78,2019,78-2019-20
123,78,2019,78-2019-21
124,78,2019,78-2019-22
125,78,2019,78-2019-23
126,78,2019,78-2019-24
127,78,2019,78-2019-25
128,78,2019,78-2019-26
129,78,2019,78-2019-27
130,78,2019,78-2019-28
131,78,2019,78-2019-29
132,78,2019,78-2019-30
133,78,2019,78-2019-31
134,78,2019,78-2019-32
135,78,2019,78-2019-33
136,78,2019,78-2019-34
137,78,2019,78-2019--1
138,78,2020,78-2020-1
139,78,2020,78-2020-2
140,78,2020,78-2020-3
141,78,2020,78-2020-4
142,78,2020,78-2020-5
143,78,2020,78-2020-6
144,78,2020,78-2020-7
145,78,2020,78-2020-8
146,78,2020,78-2020-9
147,78,2020,78-2020-10
148,78,2020,78-2020-11
149,78,2020,78-2020-12
150,78,2020,78-2020-13
151,78,2020,78-2020-14
152,78,2020,78-2020-15
153,78,2020,78-2020-16
154,78,2020,78-2020-17
155,78,2020,78-2020-18
156,78,2020,78-2020-19
157,78,2020,78-2020-20
158,78,2020,78-2020-21
159,78,2020,78-2020-22
160,78,2020,78-2020-23
161,78,2020,78-2020-24
162,78,2020,78-2020-25
163,78,2020,78-2020-26
164,78,2020,78-2020-27
165,78,2020,78-2020-28
166,78,2020,78-2020-29
167,78,2020,78-2020-30
168,78,2020,78-2020-31
169,78,2020,78-2020-32
170,78,2020,78-2020-33
171,78,2020,78-2020-34
172,78,2020,78-2020--1
173,78,2021,78-2021-1
174,78,2021,78-2021-2
175,78,2021,78-2021-3
176,78,2021,78-2021-4
177,78,2021,78-2021-5
178,78,2021,78-2021-6
179,78,2021,78-2021-7
180,78,2021,78-2021-8
181,78,2021,78-2021-9
182,78,2021,78-2021-10
183,78,2021,78-2021-11
184,78,2021,78-2021-12
185,78,2021,78-2021-13
186,78,2021,78-2021-14
187,78,2021,78-2021-15
188,78,2021,78-2021-16
189,78,2021,78-2021-17
190,78,2021,78-2021-18
191,78,2021,78-2021-19
192,78,2021,78-2021-20
193,78,2021,78-2021-21
194,78,2021,78-2021-22
195,78,2021,78-2021-23
196,78,2021,78-2021-24
197,78,2021,78-2021-25
198,78,2021,78-2021-26
199,78,2021,78-2021-27
200,78,2021,78-2021-28
201,78,2021,78-2021-29
202,78,2021,78-2021-30
203,78,2021,78-2021-31
204,78,2021,78-2021-32
205,78,2021,78-2021-33
206,78,2021,78-2021-34
207,78,2021,78-2021--1
208,78,2022,78-2022-1
209,78,2022,78-2022-2
210,78,2022,78-2022-3
211,78,2022,78-2022-4
212,78,2022,78-2022-5
213,78,2022,78-2022-6
214,78,2022,78-2022-7
215,78,2022,78-2022-8
216,78,2022,78-2022-9
217,78,2022,78-2022-10
218,78,2022,78-2022-11
219,78,2022,78-2022-12
220,78,2022,78-2022-13
221,78,2022,78-2022-14
222,78,2022,78-2022-15
223,78,2022,78-2022-16
224,78,2022,78-2022-17
225,78,2022,78-2022-18
226,78,2022,78-2022-19
227,78,2022,78-2022-20
228,78,2022,78-2022-21
229,78,2022,78-2022-22
230,78,2022,78-2022-23
231,78,2022,78-2022-24
232,78,2022,78-2022-25
233,78,2022,78-2022-26
234,78,2022,78-2022-27
235,78,2022,78-2022-28
236,78,2022,78-2022-29
237,78,2022,78-2022-30
238,78,2022,78-2022-31
239,78,2022,78-2022-32
240,78,2022,78-2022-33
241,78,2022,78-2022-34
242,78,2022,78-2022--1
243,78,2023,78-2023-1
244,78,2023,78-2023-2
245,78,2023,78-2023-3
246,78,2023,78-2023-4
247,78,2023,78-2023-5
248,78,2023,78-2023-6
249,78,2023,78-2023-7
250,78,2023,78-2023-8
251,78,2023,78-2023-9
252,78,2023,78-2023-10
253,78,2023,78-2023-11
254,78,2023,78-2023-12
255,78,2023,78-2023-13
256,78,2023,78-2023-14
257,78,2023,78-2023-15
258,78,2023,78-2023-16
259,78,2023,78-2023-17
260,78,2023,78-2023-18
261,78,2023,78-2023-19
262,78,2023,78-2023-20
263,78,2023,78-2023-21
264,78,2023,78-2023-22
265,78,2023,78-2023-23
266,78,2023,78-2023-24
267,78,2023,78-2023-25
268,78,2023,78-2023-26
269,78,2023,78-2023-27
270,78,2023,78-2023-28
271,78,2023,78-2023-29
272,78,2023,78-2023-30
273,78,2023,78-2023-31
274,78,2023,78-2023-32
275,78,2023,78-2023-33
276,78,2023,78-2023-34
277,78,2023,78-2023--1
278,78,2024,78-2024-1
279,78,2024,78-2024-2
280,78,2024,78-2024-3
281,78,2024,78-2024-4
282,78,2024,78-2024-5
283,78,2024,78-2024-6
284,78,2024,78-2024-7
285,78,2024,78-2024-8
286,78,2024,78-2024-9
287,78,2024,78-2024-10
288,78,2024,78-2024-11
289,78,2024,78-2024-12
290,78,2024,78-2024-13
291,78,2024,78-2024-14
292,78,2024,78-2024-15
293,78,2024,78-2024-16
294,78,2024,78-2024-17
295,78,2024,78-2024-18
296,78,2024,78-2024-19
297,78,2024,78-2024-20
298,78,2024,78-2024-21
299,78,2024,78-2024-22
300,78,2024,78-2024-23
301,78,2024,78-2024-24
302,78,2024,78-2024-25
303,78,2024,78-2024-26
304,78,2024,78-2024-27
305,78,2024,78-2024-28
306,78,2024,78-2024-29
307,78,2024,78-2024-30
308,78,2024,78-2024-31
309,78,2024,78-2024-32
310,78,2024,78-2024-33
311,78,2024,78-2024-34
312,78,2024,78-2024--1
313,78,2025,78-2025-1
314,78,2025,78-2025-2
315,78,2025,78-2025-3
316,78,2025,78-2025-4
317,78,2025,78-2025-5
318,78,2025,78-2025-6
319,78,2025,78-2025-7
320,78,2025,78-2025-8
321,78,2025,78-2025-9
322,78,2025,78-2025-10
323,78,2025,78-2025-11
324,78,2025,78-2025-12
325,78,2025,78-2025-13
326,78,2025,78-2025-14
327,78,2025,78-2025-15
328,78,2025,78-2025-16
329,78,2025,78-2025-17
330,78,2025,78-2025-18
331,78,2025,78-2025-19
332,78,2025,78-2025-20
333,78,2025,78-2025-21
334,78,2025,78-2025-22
335,78,2025,78-2025-23
336,78,2025,78-2025-24
337,78,2025,78-2025-25
338,78,2025,78-2025-26
339,78,2025,78-2025-27
340,78,2025,78-2025-28
341,78,2025,78-2025-29
342,78,2025,78-2025-30
343,78,2025,78-2025-31
344,78,2025,78-2025-32
345,78,2025,78-2025-33
346,78,2025,78-2025-34
347,39,2016,39-2016-1
348,39,2016,39-2016-2
349,39,2016,39-2016-3
350,39,2016,39-2016-4
351,39,2016,39-2016-5
352,39,2016,39-2016-6
353,39,2016,39-2016-7
354,39,2016,39-2016-8
355,39,2016,39-2016-9
356,39,2016,39-2016-10
357,39,2016,39-2016-11
358,39,2016,39-2016-12
359,39,2016,39-2016-13
360,39,2016,39-2016-14
361,39,2016,39-2016-15
362,39,2016,39-2016-16
363,39,2016,39-2016-17
364,39,2016,39-2016-18
365,39,2016,39-2016-19
366,39,2016,39-2016-20
367,39,2016,39-2016-21
368,39,2016,39-2016-22
369,39,2016,39-2016-23
370,39,2016,39-2016-24
371,39,2016,39-2016-25
372,39,2016,39-2016-26
373,39,2016,39-2016-27
374,39,2016,39-2016-28
375,39,2016,39-2016-29
376,39,2016,39-2016-30
377,39,2016,39-2016-31
378,39,2016,39-2016-32
379,39,2016,39-2016-33
380,39,2016,39-2016-34
381,39,2016,39-2016-35
382,39,2016,39-2016-36
383,39,2016,39-2016-37
384,39,2016,39-2016-38
385,39,2017,39-2017-1
386,39,2017,39-2017-2
387,39,2017,39-2017-3
388,39,2017,39-2017-4
389,39,2017,39-2017-5
390,39,2017,39-2017-6
391,39,2017,39-2017-7
392,39,2017,39-2017-8
393,39,2017,39-2017-9
394,39,2017,39-2017-10
395,39,2017,39-2017-11
396,39,2017,39-2017-12
397,39,2017,39-2017-13
398,39,2017,39-2017-14
399,39,2017,39-2017-15
400,39,2017,39-2017-16
401,39,2017,39-2017-17
402,39,2017,39-2017-18
403,39,2017,39-2017-19
404,39,2017,39-2017-20
405,39,2017,39-2017-21
406,39,2017,39-2017-22
407,39,2017,39-2017-23
408,39,2017,39-2017-24
409,39,2017,39-2017-25
410,39,2017,39-2017-26
411,39,2017,39-2017-27
412,39,2017,39-2017-28
413,39,2017,39-2017-29
414,39,2017,39-2017-30
415,39,2017,39-2017-31
416,39,2017,39-2017-32
417,39,2017,39-2017-33
418,39,2017,39-2017-34
419,39,2017,39-2017-35
420,39,2017,39-2017-36
421,39,2017,39-2017-37
422,39,2017,39-2017-38
423,39,2018,39-2018-1
424,39,2018,39-2018-2
425,39,2018,39-2018-3
426,39,2018,39-2018-4
427,39,2018,39-2018-5
428,39,2018,39-2018-6
429,39,2018,39-2018-7
430,39,2018,39-2018-8
431,39,2018,39-2018-9
432,39,2018,39-2018-10
433,39,2018,39-2018-11
434,39,2018,39-2018-12
435,39,2018,39-2018-13
436,39,2018,39-2018-14
437,39,2018,39-2018-15
438,39,2018,39-2018-16
439,39,2018,39-2018-17
440,39,2018,39-2018-18
441,39,2018,39-2018-19
442,39,2018,39-2018-20
443,39,2018,39-2018-21
444,39,2018,39-2018-22
445,39,2018,39-2018-23
446,39,2018,39-2018-24
447,39,2018,39-2018-25
448,39,2018,39-2018-27
449,39,2018,39-2018-26
450,39,2018,39-2018-28
451,39,2018,39-2018-29
452,39,2018,39-2018-30
453,39,2018,39-2018-31
454,39,2018,39-2018-32
455,39,2018,39-2018-33
456,39,2018,39-2018-34
457,39,2018,39-2018-35
458,39,2018,39-2018-36
459,39,2018,39-2018-37
460,39,2018,39-2018-38
461,39,2019,39-2019-1
462,39,2019,39-2019-2
463,39,2019,39-2019-3
464,39,2019,39-2019-4
465,39,2019,39-2019-5
466,39,2019,39-2019-6
467,39,2019,39-2019-7
468,39,2019,39-2019-8
469,39,2019,39-2019-9
470,39,2019,39-2019-10
471,39,2019,39-2019-11
472,39,2019,39-2019-12
473,39,2019,39-2019-13
474,39,2019,39-2019-14
475,39,2019,39-2019-15
476,39,2019,39-2019-16
477,39,2019,39-2019-17
478,39,2019,39-2019-18
479,39,2019,39-2019-19
480,39,2019,39-2019-20
481,39,2019,39-2019-21
482,39,2019,39-2019-22
483,39,2019,39-2019-23
484,39,2019,39-2019-24
485,39,2019,39-2019-25
486,39,2019,39-2019-26
487,39,2019,39-2019-27
488,39,2019,39-2019-28
489,39,2019,39-2019-29
490,39,2019,39-2019-30
491,39,2019,39-2019-31
492,39,2019,39-2019-32
493,39,2019,39-2019-33
494,39,2019,39-2019-34
495,39,2019,39-2019-35
496,39,2019,39-2019-36
497,39,2019,39-2019-37
498,39,2019,39-2019-38
499,39,2020,39-2020-1
500,39,2020,39-2020-2
501,39,2020,39-2020-3
502,39,2020,39-2020-4
503,39,2020,39-2020-5
504,39,2020,39-2020-6
505,39,2020,39-2020-7
506,39,2020,39-2020-8
507,39,2020,39-2020-9
508,39,2020,39-2020-10
509,39,2020,39-2020-11
510,39,2020,39-2020-12
511,39,2020,39-2020-13
512,39,2020,39-2020-14
513,39,2020,39-2020-15
514,39,2020,39-2020-16
515,39,2020,39-2020-17
516,39,2020,39-2020-18
517,39,2020,39-2020-19
518,39,2020,39-2020-20
519,39,2020,39-2020-21
520,39,2020,39-2020-22
521,39,2020,39-2020-23
522,39,2020,39-2020-24
523,39,2020,39-2020-25
524,39,2020,39-2020-26
525,39,2020,39-2020-29
526,39,2020,39-2020-33
527,39,2020,39-2020-27
528,39,2020,39-2020-28
529,39,2020,39-2020-30
530,39,2020,39-2020-31
531,39,2020,39-2020-32
532,39,2020,39-2020-34
533,39,2020,39-2020-35
534,39,2020,39-2020-36
535,39,2020,39-2020-37
536,39,2020,39-2020-38
537,39,2021,39-2021-1
538,39,2021,39-2021-2
539,39,2021,39-2021-3
540,39,2021,39-2021-4
541,39,2021,39-2021-5
542,39,2021,39-2021-6
543,39,2021,39-2021-7
544,39,2021,39-2021-8
545,39,2021,39-2021-9
546,39,2021,39-2021-10
547,39,2021,39-2021-11
548,39,2021,39-2021-12
549,39,2021,39-2021-13
550,39,2021,39-2021-14
551,39,2021,39-2021-15
552,39,2021,39-2021-16
553,39,2021,39-2021-17
554,39,2021,39-2021-18
555,39,2021,39-2021-19
556,39,2021,39-2021-20
557,39,2021,39-2021-21
558,39,2021,39-2021-22
559,39,2021,39-2021-24
560,39,2021,39-2021-23
561,39,2021,39-2021-25
562,39,2021,39-2021-26
563,39,2021,39-2021-27
564,39,2021,39-2021-28
565,39,2021,39-2021-30
566,39,2021,39-2021-29
567,39,2021,39-2021-31
568,39,2021,39-2021-32
569,39,2021,39-2021-33
570,39,2021,39-2021-34
571,39,2021,39-2021-37
572,39,2021,39-2021-35
573,39,2021,39-2021-36
574,39,2021,39-2021-38
575,39,2022,39-2022-1
576,39,2022,39-2022-2
577,39,2022,39-2022-3
578,39,2022,39-2022-4
579,39,2022,39-2022-5
580,39,2022,39-2022-6
581,39,2022,39-2022-8
582,39,2022,39-2022-9
583,39,2022,39-2022-10
584,39,2022,39-2022-11
585,39,2022,39-2022-12
586,39,2022,39-2022-13
587,39,2022,39-2022-14
588,39,2022,39-2022-15
589,39,2022,39-2022-16
590,39,2022,39-2022-17
591,39,2022,39-2022-18
592,39,2022,39-2022-19
593,39,2022,39-2022-7
594,39,2022,39-2022-20
595,39,2022,39-2022-21
596,39,2022,39-2022-22
597,39,2022,39-2022-23
598,39,2022,39-2022-24
599,39,2022,39-2022-25
600,39,2022,39-2022-26
601,39,2022,39-2022-27
602,39,2022,39-2022-28
603,39,2022,39-2022-29
604,39,2022,39-2022-30
605,39,2022,39-2022-31
606,39,2022,39-2022-32
607,39,2022,39-2022-33
608,39,2022,39-2022-34
609,39,2022,39-2022-35
610,39,2022,39-2022-36
611,39,2022,39-2022-37
612,39,2022,39-2022-38
613,39,2023,39-2023-1
614,39,2023,39-2023-2
615,39,2023,39-2023-3
616,39,2023,39-2023-4
617,39,2023,39-2023-5
618,39,2023,39-2023-6
619,39,2023,39-2023-7
620,39,2023,39-2023-8
621,39,2023,39-2023-9
622,39,2023,39-2023-10
623,39,2023,39-2023-11
624,39,2023,39-2023-12
625,39,2023,39-2023-13
626,39,2023,39-2023-14
627,39,2023,39-2023-15
628,39,2023,39-2023-16
629,39,2023,39-2023-17
630,39,2023,39-2023-18
631,39,2023,39-2023-19
632,39,2023,39-2023-20
633,39,2023,39-2023-21
634,39,2023,39-2023-22
635,39,2023,39-2023-23
636,39,2023,39-2023-24
637,39,2023,39-2023-25
638,39,2023,39-2023-26
639,39,2023,39-2023-27
640,39,2023,39-2023-28
641,39,2023,39-2023-29
642,39,2023,39-2023-30
643,39,2023,39-2023-31
644,39,2023,39-2023-32
645,39,2023,39-2023-33
646,39,2023,39-2023-34
647,39,2023,39-2023-35
648,39,2023,39-2023-36
649,39,2023,39-2023-37
650,39,2023,39-2023-38
651,39,2024,39-2024-1
652,39,2024,39-2024-2
653,39,2024,39-2024-3
654,39,2024,39-2024-4
655,39,2024,39-2024-5
656,39,2024,39-2024-6
657,39,2024,39-2024-7
658,39,2024,39-2024-8
659,39,2024,39-2024-9
660,39,2024,39-2024-10
661,39,2024,39-2024-11
662,39,2024,39-2024-12
663,39,2024,39-2024-13
664,39,2024,39-2024-14
665,39,2024,39-2024-15
666,39,2024,39-2024-16
667,39,2024,39-2024-17
668,39,2024,39-2024-18
669,39,2024,39-2024-19
670,39,2024,39-2024-20
671,39,2024,39-2024-21
672,39,2024,39-2024-22
673,39,2024,39-2024-23
674,39,2024,39-2024-24
675,39,2024,39-2024-25
676,39,2024,39-2024-29
677,39,2024,39-2024-26
678,39,2024,39-2024-27
679,39,2024,39-2024-28
680,39,2024,39-2024-30
681,39,2024,39-2024-31
682,39,2024,39-2024-32
683,39,2024,39-2024-33
684,39,2024,39-2024-34
685,39,2024,39-2024-35
686,39,2024,39-2024-36
687,39,2024,39-2024-37
688,39,2024,39-2024-38
689,39,2025,39-2025-1
690,39,2025,39-2025-2
691,39,2025,39-2025-3
692,39,2025,39-2025-4
693,39,2025,39-2025-5
694,39,2025,39-2025-6
695,39,2025,39-2025-7
696,39,2025,39-2025-8
697,39,2025,39-2025-9
698,39,2025,39-2025-10
699,39,2025,39-2025-11
700,39,2025,39-2025-12
701,39,2025,39-2025-13
702,39,2025,39-2025-14
703,39,2025,39-2025-15
704,39,2025,39-2025-16
705,39,2025,39-2025-17
706,39,2025,39-2025-18
707,39,2025,39-2025-19
708,39,2025,39-2025-20
709,39,2025,39-2025-21
710,39,2025,39-2025-22
711,39,2025,39-2025-23
712,39,2025,39-2025-24
713,39,2025,39-2025-25
714,39,2025,39-2025-26
715,39,2025,39-2025-27
716,39,2025,39-2025-28
717,39,2025,39-2025-29
718,39,2025,39-2025-30
719,39,2025,39-2025-31
720,39,2025,39-2025-32
721,39,2025,39-2025-33
722,39,2025,39-2025-34
723,39,2025,39-2025-35
724,39,2025,39-2025-36
725,39,2025,39-2025-37
726,39,2025,39-2025-38
727,140,2016,140-2016-1
728,140,2016,140-2016-2
729,140,2016,140-2016-3
730,140,2016,140-2016-4
731,140,2016,140-2016-5
732,140,2016,140-2016-6
733,140,2016,140-2016-7
734,140,2016,140-2016-8
735,140,2016,140-2016-9
736,140,2016,140-2016-10
737,140,2016,140-2016-11
738,140,2016,140-2016-12
739,140,2016,140-2016-13
740,140,2016,140-2016-14
741,140,2016,140-2016-15
742,140,2016,140-2016-16
743,140,2016,140-2016-17
744,140,2016,140-2016-18
745,140,2016,140-2016-19
746,140,2016,140-2016-20
747,140,2016,140-2016-21
748,140,2016,140-2016-22
749,140,2016,140-2016-23
750,140,2016,140-2016-24
751,140,2016,140-2016-25
752,140,2016,140-2016-26
753,140,2016,140-2016-27
754,140,2016,140-2016-28
755,140,2016,140-2016-29
756,140,2016,140-2016-30
757,140,2016,140-2016-31
758,140,2016,140-2016-32
759,140,2016,140-2016-33
760,140,2016,140-2016-34
761,140,2016,140-2016-35
762,140,2016,140-2016-36
763,140,2016,140-2016-37
764,140,2016,140-2016-38
765,140,2017,140-2017-1
766,140,2017,140-2017-2
767,140,2017,140-2017-3
768,140,2017,140-2017-4
769,140,2017,140-2017-5
770,140,2017,140-2017-6
771,140,2017,140-2017-7
772,140,2017,140-2017-8
773,140,2017,140-2017-9
774,140,2017,140-2017-10
775,140,2017,140-2017-11
776,140,2017,140-2017-12
777,140,2017,140-2017-13
778,140,2017,140-2017-14
779,140,2017,140-2017-15
780,140,2017,140-2017-16
781,140,2017,140-2017-17
782,140,2017,140-2017-18
783,140,2017,140-2017-19
784,140,2017,140-2017-20
785,140,2017,140-2017-21
786,140,2017,140-2017-22
787,140,2017,140-2017-23
788,140,2017,140-2017-24
789,140,2017,140-2017-25
790,140,2017,140-2017-26
791,140,2017,140-2017-27
792,140,2017,140-2017-28
793,140,2017,140-2017-29
794,140,2017,140-2017-30
795,140,2017,140-2017-31
796,140,2017,140-2017-32
797,140,2017,140-2017-33
798,140,2017,140-2017-34
799,140,2017,140-2017-35
800,140,2017,140-2017-36
801,140,2017,140-2017-37
802,140,2017,140-2017-38
803,140,2018,140-2018-1
804,140,2018,140-2018-2
805,140,2018,140-2018-3
806,140,2018,140-2018-4
807,140,2018,140-2018-5
808,140,2018,140-2018-6
809,140,2018,140-2018-7
810,140,2018,140-2018-8
811,140,2018,140-2018-9
812,140,2018,140-2018-10
813,140,2018,140-2018-11
814,140,2018,140-2018-12
815,140,2018,140-2018-13
816,140,2018,140-2018-14
817,140,2018,140-2018-15
818,140,2018,140-2018-16
819,140,2018,140-2018-17
820,140,2018,140-2018-18
821,140,2018,140-2018-19
822,140,2018,140-2018-20
823,140,2018,140-2018-21
824,140,2018,140-2018-22
825,140,2018,140-2018-23
826,140,2018,140-2018-24
827,140,2018,140-2018-25
828,140,2018,140-2018-26
829,140,2018,140-2018-27
830,140,2018,140-2018-28
831,140,2018,140-2018-29
832,140,2018,140-2018-30
833,140,2018,140-2018-31
834,140,2018,140-2018-32
835,140,2018,140-2018-33
836,140,2018,140-2018-34
837,140,2018,140-2018-35
838,140,2018,140-2018-36
839,140,2018,140-2018-37
840,140,2018,140-2018-38
841,140,2019,140-2019-1
842,140,2019,140-2019-2
843,140,2019,140-2019-3
844,140,2019,140-2019-4
845,140,2019,140-2019-5
846,140,2019,140-2019-6
847,140,2019,140-2019-7
848,140,2019,140-2019-8
849,140,2019,140-2019-9
850,140,2019,140-2019-10
851,140,2019,140-2019-11
852,140,2019,140-2019-12
853,140,2019,140-2019-13
854,140,2019,140-2019-14
855,140,2019,140-2019-15
856,140,2019,140-2019-16
857,140,2019,140-2019-17
858,140,2019,140-2019-18
859,140,2019,140-2019-19
860,140,2019,140-2019-20
861,140,2019,140-2019-21
862,140,2019,140-2019-22
863,140,2019,140-2019-23
864,140,2019,140-2019-24
865,140,2019,140-2019-25
866,140,2019,140-2019-26
867,140,2019,140-2019-27
868,140,2019,140-2019-28
869,140,2019,140-2019-29
870,140,2019,140-2019-30
871,140,2019,140-2019-31
872,140,2019,140-2019-32
873,140,2019,140-2019-33
874,140,2019,140-2019-34
875,140,2019,140-2019-35
876,140,2019,140-2019-36
877,140,2019,140-2019-37
878,140,2019,140-2019-38
879,140,2020,140-2020-1
880,140,2020,140-2020-2
881,140,2020,140-2020-3
882,140,2020,140-2020-4
883,140,2020,140-2020-5
884,140,2020,140-2020-6
885,140,2020,140-2020-7
886,140,2020,140-2020-8
887,140,2020,140-2020-9
888,140,2020,140-2020-10
889,140,2020,140-2020-11
890,140,2020,140-2020-12
891,140,2020,140-2020-13
892,140,2020,140-2020-19
893,140,2020,140-2020-14
894,140,2020,140-2020-15
895,140,2020,140-2020-16
896,140,2020,140-2020-17
897,140,2020,140-2020-18
898,140,2020,140-2020-20
899,140,2020,140-2020-21
900,140,2020,140-2020-22
901,140,2020,140-2020-23
902,140,2020,140-2020-24
903,140,2020,140-2020-25
904,140,2020,140-2020-26
905,140,2020,140-2020-27
906,140,2020,140-2020-28
907,140,2020,140-2020-29
908,140,2020,140-2020-30
909,140,2020,140-2020-33
910,140,2020,140-2020-31
911,140,2020,140-2020-32
912,140,2020,140-2020-34
913,140,2020,140-2020-35
914,140,2020,140-2020-36
915,140,2020,140-2020-37
916,140,2020,140-2020-38
917,140,2021,140-2021-1
918,140,2021,140-2021-2
919,140,2021,140-2021-3
920,140,2021,140-2021-4
921,140,2021,140-2021-5
922,140,2021,140-2021-6
923,140,2021,140-2021-7
924,140,2021,140-2021-8
925,140,2021,140-2021-9
926,140,2021,140-2021-10
927,140,2021,140-2021-11
928,140,2021,140-2021-12
929,140,2021,140-2021-13
930,140,2021,140-2021-14
931,140,2021,140-2021-15
932,140,2021,140-2021-16
933,140,2021,140-2021-17
934,140,2021,140-2021-18
935,140,2021,140-2021-21
936,140,2021,140-2021-19
937,140,2021,140-2021-20
938,140,2021,140-2021-22
939,140,2021,140-2021-23
940,140,2021,140-2021-24
941,140,2021,140-2021-25
942,140,2021,140-2021-26
943,140,2021,140-2021-27
944,140,2021,140-2021-28
945,140,2021,140-2021-29
946,140,2021,140-2021-30
947,140,2021,140-2021-31
948,140,2021,140-2021-32
949,140,2021,140-2021-33
950,140,2021,140-2021-34
951,140,2021,140-2021-35
952,140,2021,140-2021-36
953,140,2021,140-2021-37
954,140,2021,140-2021-38
955,140,2022,140-2022-1
956,140,2022,140-2022-2
957,140,2022,140-2022-3
958,140,2022,140-2022-4
959,140,2022,140-2022-5
960,140,2022,140-2022-6
961,140,2022,140-2022-7
962,140,2022,140-2022-8
963,140,2022,140-2022-9
964,140,2022,140-2022-10
965,140,2022,140-2022-11
966,140,2022,140-2022-12
967,140,2022,140-2022-13
968,140,2022,140-2022-14
969,140,2022,140-2022-15
970,140,2022,140-2022-16
971,140,2022,140-2022-17
972,140,2022,140-2022-18
973,140,2022,140-2022-19
974,140,2022,140-2022-20
975,140,2022,140-2022-21
976,140,2022,140-2022-22
977,140,2022,140-2022-23
978,140,2022,140-2022-24
979,140,2022,140-2022-25
980,140,2022,140-2022-26
981,140,2022,140-2022-27
982,140,2022,140-2022-28
983,140,2022,140-2022-29
984,140,2022,140-2022-30
985,140,2022,140-2022-31
986,140,2022,140-2022-32
987,140,2022,140-2022-33
988,140,2022,140-2022-34
989,140,2022,140-2022-35
990,140,2022,140-2022-36
991,140,2022,140-2022-37
992,140,2022,140-2022-38
993,140,2023,140-2023-1
994,140,2023,140-2023-2
995,140,2023,140-2023-3
996,140,2023,140-2023-4
997,140,2023,140-2023-5
998,140,2023,140-2023-6
999,140,2023,140-2023-7
1000,140,2023,140-2023-8
1001,140,2023,140-2023-9
1002,140,2023,140-2023-10
1003,140,2023,140-2023-11
1004,140,2023,140-2023-12
1005,140,2023,140-2023-13
1006,140,2023,140-2023-14
1007,140,2023,140-2023-15
1008,140,2023,140-2023-16
1009,140,2023,140-2023-17
1010,140,2023,140-2023-18
1011,140,2023,140-2023-19
1012,140,2023,140-2023-20
1013,140,2023,140-2023-21
1014,140,2023,140-2023-22
1015,140,2023,140-2023-23
1016,140,2023,140-2023-24
1017,140,2023,140-2023-25
1018,140,2023,140-2023-26
1019,140,2023,140-2023-27
1020,140,2023,140-2023-28
1021,140,2023,140-2023-29
1022,140,2023,140-2023-30
1023,140,2023,140-2023-31
1024,140,2023,140-2023-32
1025,140,2023,140-2023-33
1026,140,2023,140-2023-34
1027,140,2023,140-2023-35
1028,140,2023,140-2023-36
1029,140,2023,140-2023-37
1030,140,2023,140-2023-38
1031,140,2024,140-2024-1
1032,140,2024,140-2024-2
1033,140,2024,140-2024-3
1034,140,2024,140-2024-4
1035,140,2024,140-2024-5
1036,140,2024,140-2024-7
1037,140,2024,140-2024-6
1038,140,2024,140-2024-8
1039,140,2024,140-2024-9
1040,140,2024,140-2024-10
1041,140,2024,140-2024-11
1042,140,2024,140-2024-12
1043,140,2024,140-2024-13
1044,140,2024,140-2024-14
1045,140,2024,140-2024-15
1046,140,2024,140-2024-19
1047,140,2024,140-2024-16
1048,140,2024,140-2024-17
1049,140,2024,140-2024-18
1050,140,2024,140-2024-20
1051,140,2024,140-2024-21
1052,140,2024,140-2024-22
1053,140,2024,140-2024-23
1054,140,2024,140-2024-24
1055,140,2024,140-2024-25
1056,140,2024,140-2024-26
1057,140,2024,140-2024-27
1058,140,2024,140-2024-28
1059,140,2024,140-2024-29
1060,140,2024,140-2024-30
1061,140,2024,140-2024-31
1062,140,2024,140-2024-32
1063,140,2024,140-2024-33
1064,140,2024,140-2024-34
1065,140,2024,140-2024-35
1066,140,2024,140-2024-36
1067,140,2024,140-2024-37
1068,140,2024,140-2024-38
1069,140,2025,140-2025-1
1070,140,2025,140-2025-2
1071,140,2025,140-2025-6
1072,140,2025,140-2025-3
1073,140,2025,140-2025-4
1074,140,2025,140-2025-5
1075,140,2025,140-2025-7
1076,140,2025,140-2025-8
1077,140,2025,140-2025-9
1078,140,2025,140-2025-10
1079,140,2025,140-2025-11
1080,140,2025,140-2025-12
1081,140,2025,140-2025-13
1082,140,2025,140-2025-14
1083,140,2025,140-2025-15
1084,140,2025,140-2025-16
1085,140,2025,140-2025-17
1086,140,2025,140-2025-18
1087,140,2025,140-2025-19
1088,140,2025,140-2025-20
1089,140,2025,140-2025-21
1090,140,2025,140-2025-22
1091,140,2025,140-2025-23
1092,140,2025,140-2025-24
1093,140,2025,140-2025-25
1094,140,2025,140-2025-26
1095,140,2025,140-2025-27
1096,140,2025,140-2025-28
1097,140,2025,140-2025-29
1098,140,2025,140-2025-30
1099,140,2025,140-2025-31
1100,140,2025,140-2025-32
1101,140,2025,140-2025-33
1102,140,2025,140-2025-34
1103,140,2025,140-2025-35
1104,140,2025,140-2025-36
1105,140,2025,140-2025-37
1106,140,2025,140-2025-38
1107,135,2016,135-2016-1
1108,135,2016,135-2016-2
1109,135,2016,135-2016-3
1110,135,2016,135-2016-4
1111,135,2016,135-2016-5
1112,135,2016,135-2016-6
1113,135,2016,135-2016-7
1114,135,2016,135-2016-8
1115,135,2016,135-2016-9
1116,135,2016,135-2016-10
1117,135,2016,135-2016-11
1118,135,2016,135-2016-12
1119,135,2016,135-2016-13
1120,135,2016,135-2016-14
1121,135,2016,135-2016-15
1122,135,2016,135-2016-16
1123,135,2016,135-2016-17
1124,135,2016,135-2016-18
1125,135,2016,135-2016-19
1126,135,2016,135-2016-20
1127,135,2016,135-2016-21
1128,135,2016,135-2016-22
1129,135,2016,135-2016-23
1130,135,2016,135-2016-24
1131,135,2016,135-2016-25
1132,135,2016,135-2016-26
1133,135,2016,135-2016-27
1134,135,2016,135-2016-28
1135,135,2016,135-2016-29
1136,135,2016,135-2016-30
1137,135,2016,135-2016-31
1138,135,2016,135-2016-32
1139,135,2016,135-2016-33
1140,135,2016,135-2016-34
1141,135,2016,135-2016-35
1142,135,2016,135-2016-36
1143,135,2016,135-2016-37
1144,135,2016,135-2016-38
1145,135,2017,135-2017-1
1146,135,2017,135-2017-2
1147,135,2017,135-2017-3
1148,135,2017,135-2017-4
1149,135,2017,135-2017-5
1150,135,2017,135-2017-6
1151,135,2017,135-2017-7
1152,135,2017,135-2017-8
1153,135,2017,135-2017-9
1154,135,2017,135-2017-10
1155,135,2017,135-2017-11
1156,135,2017,135-2017-12
1157,135,2017,135-2017-13
1158,135,2017,135-2017-14
1159,135,2017,135-2017-15
1160,135,2017,135-2017-16
1161,135,2017,135-2017-17
1162,135,2017,135-2017-18
1163,135,2017,135-2017-19
1164,135,2017,135-2017-20
1165,135,2017,135-2017-21
1166,135,2017,135-2017-22
1167,135,2017,135-2017-23
1168,135,2017,135-2017-24
1169,135,2017,135-2017-25
1170,135,2017,135-2017-26
1171,135,2017,135-2017-27
1172,135,2017,135-2017-28
1173,135,2017,135-2017-29
1174,135,2017,135-2017-30
1175,135,2017,135-2017-31
1176,135,2017,135-2017-32
1177,135,2017,135-2017-33
1178,135,2017,135-2017-34
1179,135,2017,135-2017-35
1180,135,2017,135-2017-36
1181,135,2017,135-2017-37
1182,135,2017,135-2017-38
1183,135,2018,135-2018-1
1184,135,2018,135-2018-2
1185,135,2018,135-2018-3
1186,135,2018,135-2018-4
1187,135,2018,135-2018-5
1188,135,2018,135-2018-6
1189,135,2018,135-2018-7
1190,135,2018,135-2018-8
1191,135,2018,135-2018-9
1192,135,2018,135-2018-10
1193,135,2018,135-2018-11
1194,135,2018,135-2018-12
1195,135,2018,135-2018-13
1196,135,2018,135-2018-14
1197,135,2018,135-2018-15
1198,135,2018,135-2018-16
1199,135,2018,135-2018-17
1200,135,2018,135-2018-18
1201,135,2018,135-2018-19
1202,135,2018,135-2018-20
1203,135,2018,135-2018-21
1204,135,2018,135-2018-22
1205,135,2018,135-2018-23
1206,135,2018,135-2018-24
1207,135,2018,135-2018-25
1208,135,2018,135-2018-26
1209,135,2018,135-2018-27
1210,135,2018,135-2018-28
1211,135,2018,135-2018-29
1212,135,2018,135-2018-30
1213,135,2018,135-2018-31
1214,135,2018,135-2018-32
1215,135,2018,135-2018-33
1216,135,2018,135-2018-34
1217,135,2018,135-2018-35
1218,135,2018,135-2018-36
1219,135,2018,135-2018-37
1220,135,2018,135-2018-38
1221,135,2019,135-2019-1
1222,135,2019,135-2019-2
1223,135,2019,135-2019-3
1224,135,2019,135-2019-4
1225,135,2019,135-2019-5
1226,135,2019,135-2019-6
1227,135,2019,135-2019-7
1228,135,2019,135-2019-8
1229,135,2019,135-2019-9
1230,135,2019,135-2019-10
1231,135,2019,135-2019-11
1232,135,2019,135-2019-12
1233,135,2019,135-2019-13
1234,135,2019,135-2019-14
1235,135,2019,135-2019-15
1236,135,2019,135-2019-16
1237,135,2019,135-2019-17
1238,135,2019,135-2019-18
1239,135,2019,135-2019-19
1240,135,2019,135-2019-20
1241,135,2019,135-2019-21
1242,135,2019,135-2019-22
1243,135,2019,135-2019-23
1244,135,2019,135-2019-24
1245,135,2019,135-2019-25
1246,135,2019,135-2019-26
1247,135,2019,135-2019-27
1248,135,2019,135-2019-28
1249,135,2019,135-2019-29
1250,135,2019,135-2019-30
1251,135,2019,135-2019-31
1252,135,2019,135-2019-32
1253,135,2019,135-2019-33
1254,135,2019,135-2019-34
1255,135,2019,135-2019-35
1256,135,2019,135-2019-36
1257,135,2019,135-2019-37
1258,135,2019,135-2019-38
1259,135,2020,135-2020-1
1260,135,2020,135-2020-2
1261,135,2020,135-2020-3
1262,135,2020,135-2020-4
1263,135,2020,135-2020-5
1264,135,2020,135-2020-6
1265,135,2020,135-2020-7
1266,135,2020,135-2020-8
1267,135,2020,135-2020-9
1268,135,2020,135-2020-10
1269,135,2020,135-2020-11
1270,135,2020,135-2020-12
1271,135,2020,135-2020-13
1272,135,2020,135-2020-14
1273,135,2020,135-2020-15
1274,135,2020,135-2020-16
1275,135,2020,135-2020-17
1276,135,2020,135-2020-18
1277,135,2020,135-2020-19
1278,135,2020,135-2020-20
1279,135,2020,135-2020-21
1280,135,2020,135-2020-22
1281,135,2020,135-2020-23
1282,135,2020,135-2020-24
1283,135,2020,135-2020-25
1284,135,2020,135-2020-26
1285,135,2020,135-2020-27
1286,135,2020,135-2020-28
1287,135,2020,135-2020-29
1288,135,2020,135-2020-30
1289,135,2020,135-2020-31
1290,135,2020,135-2020-32
1291,135,2020,135-2020-33
1292,135,2020,135-2020-34
1293,135,2020,135-2020-35
1294,135,2020,135-2020-36
1295,135,2020,135-2020-37
1296,135,2020,135-2020-38
1297,135,2021,135-2021-1
1298,135,2021,135-2021-2
1299,135,2021,135-2021-3
1300,135,2021,135-2021-4
1301,135,2021,135-2021-5
1302,135,2021,135-2021-6
1303,135,2021,135-2021-7
1304,135,2021,135-2021-8
1305,135,2021,135-2021-9
1306,135,2021,135-2021-10
1307,135,2021,135-2021-11
1308,135,2021,135-2021-12
1309,135,2021,135-2021-13
1310,135,2021,135-2021-14
1311,135,2021,135-2021-15
1312,135,2021,135-2021-16
1313,135,2021,135-2021-17
1314,135,2021,135-2021-18
1315,135,2021,135-2021-19
1316,135,2021,135-2021-20
1317,135,2021,135-2021-21
1318,135,2021,135-2021-22
1319,135,2021,135-2021-23
1320,135,2021,135-2021-24
1321,135,2021,135-2021-25
1322,135,2021,135-2021-26
1323,135,2021,135-2021-27
1324,135,2021,135-2021-28
1325,135,2021,135-2021-29
1326,135,2021,135-2021-30
1327,135,2021,135-2021-31
1328,135,2021,135-2021-32
1329,135,2021,135-2021-33
1330,135,2021,135-2021-34
1331,135,2021,135-2021-35
1332,135,2021,135-2021-36
1333,135,2021,135-2021-37
1334,135,2021,135-2021-38
1335,135,2022,135-2022-1
1336,135,2022,135-2022-2
1337,135,2022,135-2022-3
1338,135,2022,135-2022-4
1339,135,2022,135-2022-5
1340,135,2022,135-2022-6
1341,135,2022,135-2022-7
1342,135,2022,135-2022-8
1343,135,2022,135-2022-9
1344,135,2022,135-2022-10
1345,135,2022,135-2022-11
1346,135,2022,135-2022-12
1347,135,2022,135-2022-13
1348,135,2022,135-2022-14
1349,135,2022,135-2022-15
1350,135,2022,135-2022-16
1351,135,2022,135-2022-17
1352,135,2022,135-2022-18
1353,135,2022,135-2022-19
1354,135,2022,135-2022-20
1355,135,2022,135-2022-21
1356,135,2022,135-2022-22
1357,135,2022,135-2022-23
1358,135,2022,135-2022-24
1359,135,2022,135-2022-25
1360,135,2022,135-2022-26
1361,135,2022,135-2022-27
1362,135,2022,135-2022-28
1363,135,2022,135-2022-29
1364,135,2022,135-2022-30
1365,135,2022,135-2022-31
1366,135,2022,135-2022-32
1367,135,2022,135-2022-33
1368,135,2022,135-2022-34
1369,135,2022,135-2022-35
1370,135,2022,135-2022-36
1371,135,2022,135-2022-37
1372,135,2022,135-2022-38
1373,135,2022,135-2022--1
1374,135,2023,135-2023-1
1375,135,2023,135-2023-2
1376,135,2023,135-2023-3
1377,135,2023,135-2023-4
1378,135,2023,135-2023-5
1379,135,2023,135-2023-6
1380,135,2023,135-2023-7
1381,135,2023,135-2023-8
1382,135,2023,135-2023-9
1383,135,2023,135-2023-10
1384,135,2023,135-2023-11
1385,135,2023,135-2023-12
1386,135,2023,135-2023-13
1387,135,2023,135-2023-14
1388,135,2023,135-2023-15
1389,135,2023,135-2023-16
1390,135,2023,135-2023-17
1391,135,2023,135-2023-18
1392,135,2023,135-2023-19
1393,135,2023,135-2023-20
1394,135,2023,135-2023-21
1395,135,2023,135-2023-22
1396,135,2023,135-2023-23
1397,135,2023,135-2023-24
1398,135,2023,135-2023-25
1399,135,2023,135-2023-26
1400,135,2023,135-2023-27
1401,135,2023,135-2023-28
1402,135,2023,135-2023-29
1403,135,2023,135-2023-30
1404,135,2023,135-2023-31
1405,135,2023,135-2023-32
1406,135,2023,135-2023-33
1407,135,2023,135-2023-34
1408,135,2023,135-2023-35
1409,135,2023,135-2023-36
1410,135,2023,135-2023-37
1411,135,2023,135-2023-38
1412,135,2024,135-2024-1
1413,135,2024,135-2024-2
1414,135,2024,135-2024-3
1415,135,2024,135-2024-4
1416,135,2024,135-2024-5
1417,135,2024,135-2024-6
1418,135,2024,135-2024-7
1419,135,2024,135-2024-8
1420,135,2024,135-2024-9
1421,135,2024,135-2024-10
1422,135,2024,135-2024-11
1423,135,2024,135-2024-12
1424,135,2024,135-2024-13
1425,135,2024,135-2024-14
1426,135,2024,135-2024-15
1427,135,2024,135-2024-16
1428,135,2024,135-2024-17
1429,135,2024,135-2024-18
1430,135,2024,135-2024-19
1431,135,2024,135-2024-20
1432,135,2024,135-2024-21
1433,135,2024,135-2024-22
1434,135,2024,135-2024-23
1435,135,2024,135-2024-24
1436,135,2024,135-2024-25
1437,135,2024,135-2024-26
1438,135,2024,135-2024-27
1439,135,2024,135-2024-28
1440,135,2024,135-2024-29
1441,135,2024,135-2024-30
1442,135,2024,135-2024-31
1443,135,2024,135-2024-32
1444,135,2024,135-2024-33
1445,135,2024,135-2024-34
1446,135,2024,135-2024-35
1447,135,2024,135-2024-36
1448,135,2024,135-2024-37
1449,135,2024,135-2024-38
1450,135,2025,135-2025-1
1451,135,2025,135-2025-2
1452,135,2025,135-2025-3
1453,135,2025,135-2025-4
1454,135,2025,135-2025-5
1455,135,2025,135-2025-6
1456,135,2025,135-2025-7
1457,135,2025,135-2025-8
1458,135,2025,135-2025-9
1459,135,2025,135-2025-10
1460,135,2025,135-2025-11
1461,135,2025,135-2025-12
1462,135,2025,135-2025-13
1463,135,2025,135-2025-14
1464,135,2025,135-2025-15
1465,135,2025,135-2025-16
1466,135,2025,135-2025-17
1467,135,2025,135-2025-18
1468,135,2025,135-2025-19
1469,135,2025,135-2025-20
1470,135,2025,135-2025-21
1471,135,2025,135-2025-22
1472,135,2025,135-2025-23
1473,135,2025,135-2025-24
1474,135,2025,135-2025-25
1475,135,2025,135-2025-26
1476,135,2025,135-2025-27
1477,135,2025,135-2025-28
1478,135,2025,135-2025-29
1479,135,2025,135-2025-30
1480,135,2025,135-2025-31
1481,135,2025,135-2025-32
1482,135,2025,135-2025-33
1483,135,2025,135-2025-34
1484,135,2025,135-2025-35
1485,135,2025,135-2025-36
1486,135,2025,135-2025-37
1487,135,2025,135-2025-38
1488,61,2016,61-2016-1
1489,61,2016,61-2016-2
1490,61,2016,61-2016-3
1491,61,2016,61-2016-4
1492,61,2016,61-2016-5
1493,61,2016,61-2016-6
1494,61,2016,61-2016-7
1495,61,2016,61-2016-8
1496,61,2016,61-2016-9
1497,61,2016,61-2016-10
1498,61,2016,61-2016-11
1499,61,2016,61-2016-12
1500,61,2016,61-2016-13
1501,61,2016,61-2016-14
1502,61,2016,61-2016-15
1503,61,2016,61-2016-16
1504,61,2016,61-2016-17
1505,61,2016,61-2016-18
1506,61,2016,61-2016-19
1507,61,2016,61-2016-20
1508,61,2016,61-2016-21
1509,61,2016,61-2016-22
1510,61,2016,61-2016-23
1511,61,2016,61-2016-24
1512,61,2016,61-2016-25
1513,61,2016,61-2016-26
1514,61,2016,61-2016-27
1515,61,2016,61-2016-28
1516,61,2016,61-2016-29
1517,61,2016,61-2016-30
1518,61,2016,61-2016-31
1519,61,2016,61-2016-32
1520,61,2016,61-2016-33
1521,61,2016,61-2016-34
1522,61,2016,61-2016-35
1523,61,2016,61-2016-36
1524,61,2016,61-2016-37
1525,61,2016,61-2016-38
1526,61,2017,61-2017-1
1527,61,2017,61-2017-2
1528,61,2017,61-2017-3
1529,61,2017,61-2017-4
1530,61,2017,61-2017-5
1531,61,2017,61-2017-6
1532,61,2017,61-2017-7
1533,61,2017,61-2017-8
1534,61,2017,61-2017-9
1535,61,2017,61-2017-10
1536,61,2017,61-2017-11
1537,61,2017,61-2017-12
1538,61,2017,61-2017-13
1539,61,2017,61-2017-14
1540,61,2017,61-2017-15
1541,61,2017,61-2017-16
1542,61,2017,61-2017-17
1543,61,2017,61-2017-18
1544,61,2017,61-2017-19
1545,61,2017,61-2017-20
1546,61,2017,61-2017-21
1547,61,2017,61-2017-22
1548,61,2017,61-2017-23
1549,61,2017,61-2017-24
1550,61,2017,61-2017-25
1551,61,2017,61-2017-26
1552,61,2017,61-2017-27
1553,61,2017,61-2017-28
1554,61,2017,61-2017-29
1555,61,2017,61-2017-31
1556,61,2017,61-2017-30
1557,61,2017,61-2017-32
1558,61,2017,61-2017-33
1559,61,2017,61-2017-34
1560,61,2017,61-2017-35
1561,61,2017,61-2017-36
1562,61,2017,61-2017-37
1563,61,2017,61-2017-38
1564,61,2018,61-2018-1
1565,61,2018,61-2018-2
1566,61,2018,61-2018-3
1567,61,2018,61-2018-4
1568,61,2018,61-2018-5
1569,61,2018,61-2018-6
1570,61,2018,61-2018-7
1571,61,2018,61-2018-8
1572,61,2018,61-2018-9
1573,61,2018,61-2018-10
1574,61,2018,61-2018-11
1575,61,2018,61-2018-12
1576,61,2018,61-2018-13
1577,61,2018,61-2018-14
1578,61,2018,61-2018-15
1579,61,2018,61-2018-16
1580,61,2018,61-2018-17
1581,61,2018,61-2018-18
1582,61,2018,61-2018-19
1583,61,2018,61-2018-20
1584,61,2018,61-2018-21
1585,61,2018,61-2018-22
1586,61,2018,61-2018-23
1587,61,2018,61-2018-24
1588,61,2018,61-2018-25
1589,61,2018,61-2018-26
1590,61,2018,61-2018-27
1591,61,2018,61-2018-28
1592,61,2018,61-2018-29
1593,61,2018,61-2018-30
1594,61,2018,61-2018-31
1595,61,2018,61-2018-32
1596,61,2018,61-2018-33
1597,61,2018,61-2018-34
1598,61,2018,61-2018-35
1599,61,2018,61-2018-36
1600,61,2018,61-2018-37
1601,61,2018,61-2018-38
1602,61,2019,61-2019-29
1603,61,2019,61-2019-28
1604,61,2019,61-2019-30
1605,61,2019,61-2019-31
1606,61,2019,61-2019-32
1607,61,2019,61-2019-33
1608,61,2019,61-2019-34
1609,61,2019,61-2019-35
1610,61,2019,61-2019-36
1611,61,2019,61-2019-37
1612,61,2019,61-2019-38
1613,61,2019,61-2019-1
1614,61,2019,61-2019-2
1615,61,2019,61-2019-3
1616,61,2019,61-2019-4
1617,61,2019,61-2019-5
1618,61,2019,61-2019-6
1619,61,2019,61-2019-7
1620,61,2019,61-2019-8
1621,61,2019,61-2019-9
1622,61,2019,61-2019-10
1623,61,2019,61-2019-11
1624,61,2019,61-2019-12
1625,61,2019,61-2019-13
1626,61,2019,61-2019-14
1627,61,2019,61-2019-15
1628,61,2019,61-2019-16
1629,61,2019,61-2019-17
1630,61,2019,61-2019-18
1631,61,2019,61-2019-19
1632,61,2019,61-2019-20
1633,61,2019,61-2019-21
1634,61,2019,61-2019-22
1635,61,2019,61-2019-23
1636,61,2019,61-2019-24
1637,61,2019,61-2019-25
1638,61,2019,61-2019-26
1639,61,2019,61-2019-27
1640,61,2020,61-2020-1
1641,61,2020,61-2020-2
1642,61,2020,61-2020-3
1643,61,2020,61-2020-4
1644,61,2020,61-2020-5
1645,61,2020,61-2020-6
1646,61,2020,61-2020-7
1647,61,2020,61-2020-8
1648,61,2020,61-2020-9
1649,61,2020,61-2020-10
1650,61,2020,61-2020-11
1651,61,2020,61-2020-12
1652,61,2020,61-2020-13
1653,61,2020,61-2020-14
1654,61,2020,61-2020-15
1655,61,2020,61-2020-16
1656,61,2020,61-2020-17
1657,61,2020,61-2020-18
1658,61,2020,61-2020-19
1659,61,2020,61-2020-20
1660,61,2020,61-2020-21
1661,61,2020,61-2020-22
1662,61,2020,61-2020-23
1663,61,2020,61-2020-24
1664,61,2020,61-2020-25
1665,61,2020,61-2020-26
1666,61,2020,61-2020-27
1667,61,2020,61-2020-28
1668,61,2020,61-2020-29
1669,61,2020,61-2020-30
1670,61,2020,61-2020-31
1671,61,2020,61-2020-32
1672,61,2020,61-2020-33
1673,61,2020,61-2020-34
1674,61,2020,61-2020-35
1675,61,2020,61-2020-36
1676,61,2020,61-2020-37
1677,61,2020,61-2020-38
1678,61,2020,61-2020--1
1679,61,2021,61-2021-1
1680,61,2021,61-2021-2
1681,61,2021,61-2021-3
1682,61,2021,61-2021-4
1683,61,2021,61-2021-5
1684,61,2021,61-2021-6
1685,61,2021,61-2021-7
1686,61,2021,61-2021-8
1687,61,2021,61-2021-9
1688,61,2021,61-2021-10
1689,61,2021,61-2021-11
1690,61,2021,61-2021-12
1691,61,2021,61-2021-13
1692,61,2021,61-2021-14
1693,61,2021,61-2021-15
1694,61,2021,61-2021-16
1695,61,2021,61-2021-17
1696,61,2021,61-2021-18
1697,61,2021,61-2021-19
1698,61,2021,61-2021-20
1699,61,2021,61-2021-21
1700,61,2021,61-2021-22
1701,61,2021,61-2021-23
1702,61,2021,61-2021-24
1703,61,2021,61-2021-25
1704,61,2021,61-2021-26
1705,61,2021,61-2021-27
1706,61,2021,61-2021-28
1707,61,2021,61-2021-29
1708,61,2021,61-2021-30
1709,61,2021,61-2021-31
1710,61,2021,61-2021-32
1711,61,2021,61-2021-33
1712,61,2021,61-2021-34
1713,61,2021,61-2021-35
1714,61,2021,61-2021-36
1715,61,2021,61-2021-37
1716,61,2021,61-2021-38
1717,61,2021,61-2021--1
1718,61,2022,61-2022-1
1719,61,2022,61-2022-2
1720,61,2022,61-2022-3
1721,61,2022,61-2022-4
1722,61,2022,61-2022-5
1723,61,2022,61-2022-6
1724,61,2022,61-2022-7
1725,61,2022,61-2022-8
1726,61,2022,61-2022-9
1727,61,2022,61-2022-10
1728,61,2022,61-2022-11
1729,61,2022,61-2022-12
1730,61,2022,61-2022-13
1731,61,2022,61-2022-14
1732,61,2022,61-2022-15
1733,61,2022,61-2022-16
1734,61,2022,61-2022-17
1735,61,2022,61-2022-18
1736,61,2022,61-2022-19
1737,61,2022,61-2022-20
1738,61,2022,61-2022-21
1739,61,2022,61-2022-22
1740,61,2022,61-2022-23
1741,61,2022,61-2022-24
1742,61,2022,61-2022-25
1743,61,2022,61-2022-26
1744,61,2022,61-2022-27
1745,61,2022,61-2022-28
1746,61,2022,61-2022-29
1747,61,2022,61-2022-30
1748,61,2022,61-2022-31
1749,61,2022,61-2022-32
1750,61,2022,61-2022-33
1751,61,2022,61-2022-34
1752,61,2022,61-2022-35
1753,61,2022,61-2022-36
1754,61,2022,61-2022-37
1755,61,2022,61-2022-38
1756,61,2023,61-2023-1
1757,61,2023,61-2023-2
1758,61,2023,61-2023-3
1759,61,2023,61-2023-4
1760,61,2023,61-2023-5
1761,61,2023,61-2023-6
1762,61,2023,61-2023-7
1763,61,2023,61-2023-8
1764,61,2023,61-2023-9
1765,61,2023,61-2023-10
1766,61,2023,61-2023-11
1767,61,2023,61-2023-12
1768,61,2023,61-2023-13
1769,61,2023,61-2023-14
1770,61,2023,61-2023-15
1771,61,2023,61-2023-16
1772,61,2023,61-2023-17
1773,61,2023,61-2023-18
1774,61,2023,61-2023-19
1775,61,2023,61-2023-20
1776,61,2023,61-2023-21
1777,61,2023,61-2023-22
1778,61,2023,61-2023-23
1779,61,2023,61-2023-24
1780,61,2023,61-2023-25
1781,61,2023,61-2023-26
1782,61,2023,61-2023-27
1783,61,2023,61-2023-28
1784,61,2023,61-2023-29
1785,61,2023,61-2023-30
1786,61,2023,61-2023-31
1787,61,2023,61-2023-32
1788,61,2023,61-2023-33
1789,61,2023,61-2023-34
1790,61,2023,61-2023--1
1791,61,2024,61-2024-1
1792,61,2024,61-2024-2
1793,61,2024,61-2024-3
1794,61,2024,61-2024-4
1795,61,2024,61-2024-5
1796,61,2024,61-2024-6
1797,61,2024,61-2024-7
1798,61,2024,61-2024-8
1799,61,2024,61-2024-9
1800,61,2024,61-2024-10
1801,61,2024,61-2024-11
1802,61,2024,61-2024-12
1803,61,2024,61-2024-13
1804,61,2024,61-2024-14
1805,61,2024,61-2024-15
1806,61,2024,61-2024-16
1807,61,2024,61-2024-17
1808,61,2024,61-2024-18
1809,61,2024,61-2024-19
1810,61,2024,61-2024-20
1811,61,2024,61-2024-21
1812,61,2024,61-2024-22
1813,61,2024,61-2024-23
1814,61,2024,61-2024-24
1815,61,2024,61-2024-25
1816,61,2024,61-2024-26
1817,61,2024,61-2024-27
1818,61,2024,61-2024-28
1819,61,2024,61-2024-29
1820,61,2024,61-2024-30
1821,61,2024,61-2024-31
1822,61,2024,61-2024-32
1823,61,2024,61-2024-33
1824,61,2024,61-2024-34
1825,61,2024,61-2024--1
1826,61,2025,61-2025-1
1827,61,2025,61-2025-2
1828,61,2025,61-2025-3
1829,61,2025,61-2025-4
1830,61,2025,61-2025-5
1831,61,2025,61-2025-6
1832,61,2025,61-2025-7
1833,61,2025,61-2025-8
1834,61,2025,61-2025-9
1835,61,2025,61-2025-10
1836,61,2025,61-2025-11
1837,61,2025,61-2025-12
1838,61,2025,61-2025-13
1839,61,2025,61-2025-14
1840,61,2025,61-2025-15
1841,61,2025,61-2025-16
1842,61,2025,61-2025-17
1843,61,2025,61-2025-18
1844,61,2025,61-2025-19
1845,61,2025,61-2025-20
1846,61,2025,61-2025-21
1847,61,2025,61-2025-22
1848,61,2025,61-2025-23
1849,61,2025,61-2025-24
1850,61,2025,61-2025-25
1851,61,2025,61-2025-26
1852,61,2025,61-2025-27
1853,61,2025,61-2025-28
1854,61,2025,61-2025-29
1855,61,2025,61-2025-30
1856,61,2025,61-2025-31
1857,61,2025,61-2025-32
1858,61,2025,61-2025-33
1859,61,2025,61-2025-34
1860,88,2016,88-2016-1
1861,88,2016,88-2016-2
1862,88,2016,88-2016-3
1863,88,2016,88-2016-4
1864,88,2016,88-2016-5
1865,88,2016,88-2016-6
1866,88,2016,88-2016-7
1867,88,2016,88-2016-8
1868,88,2016,88-2016-9
1869,88,2016,88-2016-10
1870,88,2016,88-2016-11
1871,88,2016,88-2016-12
1872,88,2016,88-2016-13
1873,88,2016,88-2016-14
1874,88,2016,88-2016-15
1875,88,2016,88-2016-16
1876,88,2016,88-2016-17
1877,88,2016,88-2016-18
1878,88,2016,88-2016-19
1879,88,2016,88-2016-20
1880,88,2016,88-2016-21
1881,88,2016,88-2016-22
1882,88,2016,88-2016-23
1883,88,2016,88-2016-24
1884,88,2016,88-2016-25
1885,88,2016,88-2016-26
1886,88,2016,88-2016-27
1887,88,2016,88-2016-28
1888,88,2016,88-2016-29
1889,88,2016,88-2016-30
1890,88,2016,88-2016-31
1891,88,2016,88-2016-32
1892,88,2016,88-2016-33
1893,88,2016,88-2016-34
1894,88,2016,88-2016--1
1895,88,2017,88-2017-1
1896,88,2017,88-2017-2
1897,88,2017,88-2017-3
1898,88,2017,88-2017-4
1899,88,2017,88-2017-5
1900,88,2017,88-2017-6
1901,88,2017,88-2017-7
1902,88,2017,88-2017-8
1903,88,2017,88-2017-9
1904,88,2017,88-2017-10
1905,88,2017,88-2017-11
1906,88,2017,88-2017-12
1907,88,2017,88-2017-13
1908,88,2017,88-2017-14
1909,88,2017,88-2017-15
1910,88,2017,88-2017-16
1911,88,2017,88-2017-17
1912,88,2017,88-2017-18
1913,88,2017,88-2017-19
1914,88,2017,88-2017-20
1915,88,2017,88-2017-21
1916,88,2017,88-2017-22
1917,88,2017,88-2017-23
1918,88,2017,88-2017-24
1919,88,2017,88-2017-25
1920,88,2017,88-2017-26
1921,88,2017,88-2017-27
1922,88,2017,88-2017-28
1923,88,2017,88-2017-29
1924,88,2017,88-2017-30
1925,88,2017,88-2017-31
1926,88,2017,88-2017-32
1927,88,2017,88-2017-33
1928,88,2017,88-2017-34
1929,88,2017,88-2017--1
1930,88,2018,88-2018-1
1931,88,2018,88-2018-2
1932,88,2018,88-2018-3
1933,88,2018,88-2018-4
1934,88,2018,88-2018-5
1935,88,2018,88-2018-6
1936,88,2018,88-2018-7
1937,88,2018,88-2018-8
1938,88,2018,88-2018-9
1939,88,2018,88-2018-10
1940,88,2018,88-2018-11
1941,88,2018,88-2018-12
1942,88,2018,88-2018-13
1943,88,2018,88-2018-14
1944,88,2018,88-2018-15
1945,88,2018,88-2018-16
1946,88,2018,88-2018-17
1947,88,2018,88-2018-18
1948,88,2018,88-2018-19
1949,88,2018,88-2018-20
1950,88,2018,88-2018-21
1951,88,2018,88-2018-22
1952,88,2018,88-2018-23
1953,88,2018,88-2018-24
1954,88,2018,88-2018-25
1955,88,2018,88-2018-26
1956,88,2018,88-2018-27
1957,88,2018,88-2018-28
1958,88,2018,88-2018-29
1959,88,2018,88-2018-30
1960,88,2018,88-2018-31
1961,88,2018,88-2018-32
1962,88,2018,88-2018-34
1963,88,2018,88-2018-33
1964,88,2018,88-2018--1
1965,88,2019,88-2019-27
1966,88,2019,88-2019-28
1967,88,2019,88-2019-29
1968,88,2019,88-2019-22
1969,88,2019,88-2019-30
1970,88,2019,88-2019-31
1971,88,2019,88-2019-32
1972,88,2019,88-2019-33
1973,88,2019,88-2019-34
1974,88,2019,88-2019-1
1975,88,2019,88-2019-2
1976,88,2019,88-2019-3
1977,88,2019,88-2019-4
1978,88,2019,88-2019-5
1979,88,2019,88-2019-6
1980,88,2019,88-2019-7
1981,88,2019,88-2019-8
1982,88,2019,88-2019-9
1983,88,2019,88-2019-10
1984,88,2019,88-2019-11
1985,88,2019,88-2019-12
1986,88,2019,88-2019-13
1987,88,2019,88-2019-14
1988,88,2019,88-2019-15
1989,88,2019,88-2019-16
1990,88,2019,88-2019-17
1991,88,2019,88-2019-18
1992,88,2019,88-2019-19
1993,88,2019,88-2019-20
1994,88,2019,88-2019-21
1995,88,2019,88-2019-23
1996,88,2019,88-2019-24
1997,88,2019,88-2019-25
1998,88,2019,88-2019-26
1999,88,2020,88-2020-1
2000,88,2020,88-2020-2
2001,88,2020,88-2020-3
2002,88,2020,88-2020-4
2003,88,2020,88-2020-5
2004,88,2020,88-2020-6
2005,88,2020,88-2020-7
2006,88,2020,88-2020-8
2007,88,2020,88-2020-9
2008,88,2020,88-2020-10
2009,88,2020,88-2020-11
2010,88,2020,88-2020-12
2011,88,2020,88-2020-13
2012,88,2020,88-2020-14
2013,88,2020,88-2020-15
2014,88,2020,88-2020-16
2015,88,2020,88-2020-17
2016,88,2020,88-2020-18
2017,88,2020,88-2020-19
2018,88,2020,88-2020-20
2019,88,2020,88-2020-21
2020,88,2020,88-2020-22
2021,88,2020,88-2020-23
2022,88,2020,88-2020-24
2023,88,2020,88-2020-25
2024,88,2020,88-2020-26
2025,88,2020,88-2020-27
2026,88,2020,88-2020-28
2027,88,2020,88-2020-29
2028,88,2020,88-2020-30
2029,88,2020,88-2020-31
2030,88,2020,88-2020-32
2031,88,2020,88-2020-33
2032,88,2020,88-2020--1
2033,88,2020,88-2020-34
2034,88,2021,88-2021-1
2035,88,2021,88-2021-2
2036,88,2021,88-2021-3
2037,88,2021,88-2021-4
2038,88,2021,88-2021-5
2039,88,2021,88-2021-6
2040,88,2021,88-2021-7
2041,88,2021,88-2021-8
2042,88,2021,88-2021-9
2043,88,2021,88-2021-10
2044,88,2021,88-2021-11
2045,88,2021,88-2021-12
2046,88,2021,88-2021-13
2047,88,2021,88-2021-14
2048,88,2021,88-2021-15
2049,88,2021,88-2021-16
2050,88,2021,88-2021-17
2051,88,2021,88-2021-18
2052,88,2021,88-2021-19
2053,88,2021,88-2021-20
2054,88,2021,88-2021-21
2055,88,2021,88-2021-22
2056,88,2021,88-2021-23
2057,88,2021,88-2021-24
2058,88,2021,88-2021-25
2059,88,2021,88-2021-26
2060,88,2021,88-2021-27
2061,88,2021,88-2021-28
2062,88,2021,88-2021-29
2063,88,2021,88-2021-30
2064,88,2021,88-2021-31
2065,88,2021,88-2021-32
2066,88,2021,88-2021--1
2067,88,2021,88-2021-33
2068,88,2021,88-2021-34
2069,88,2022,88-2022-1
2070,88,2022,88-2022-2
2071,88,2022,88-2022-3
2072,88,2022,88-2022-4
2073,88,2022,88-2022-5
2074,88,2022,88-2022-6
2075,88,2022,88-2022-7
2076,88,2022,88-2022-8
2077,88,2022,88-2022-9
2078,88,2022,88-2022-10
2079,88,2022,88-2022-11
2080,88,2022,88-2022-12
2081,88,2022,88-2022-13
2082,88,2022,88-2022-14
2083,88,2022,88-2022-15
2084,88,2022,88-2022-16
2085,88,2022,88-2022-17
2086,88,2022,88-2022-18
2087,88,2022,88-2022-19
2088,88,2022,88-2022-20
2089,88,2022,88-2022-21
2090,88,2022,88-2022-22
2091,88,2022,88-2022-23
2092,88,2022,88-2022-24
2093,88,2022,88-2022-25
2094,88,2022,88-2022-26
2095,88,2022,88-2022-27
2096,88,2022,88-2022-28
2097,88,2022,88-2022-29
2098,88,2022,88-2022-30
2099,88,2022,88-2022-31
2100,88,2022,88-2022-32
2101,88,2022,88-2022-33
2102,88,2022,88-2022--1
2103,88,2022,88-2022-34
2104,88,2023,88-2023-1
2105,88,2023,88-2023-2
2106,88,2023,88-2023-3
2107,88,2023,88-2023-4
2108,88,2023,88-2023-5
2109,88,2023,88-2023-6
2110,88,2023,88-2023-7
2111,88,2023,88-2023-8
2112,88,2023,88-2023-9
2113,88,2023,88-2023-10
2114,88,2023,88-2023-11
2115,88,2023,88-2023-12
2116,88,2023,88-2023-13
2117,88,2023,88-2023-14
2118,88,2023,88-2023-15
2119,88,2023,88-2023-16
2120,88,2023,88-2023-17
2121,88,2023,88-2023-18
2122,88,2023,88-2023-19
2123,88,2023,88-2023-20
2124,88,2023,88-2023-21
2125,88,2023,88-2023-22
2126,88,2023,88-2023-23
2127,88,2023,88-2023-24
2128,88,2023,88-2023-25
2129,88,2023,88-2023-26
2130,88,2023,88-2023-27
2131,88,2023,88-2023-28
2132,88,2023,88-2023-29
2133,88,2023,88-2023-30
2134,88,2023,88-2023-31
2135,88,2023,88-2023-32
2136,88,2023,88-2023-33
2137,88,2023,88-2023--1
2138,88,2023,88-2023-34
2139,88,2024,88-2024-1
2140,88,2024,88-2024-2
2141,88,2024,88-2024-3
2142,88,2024,88-2024-4
2143,88,2024,88-2024-5
2144,88,2024,88-2024-6
2145,88,2024,88-2024-7
2146,88,2024,88-2024-8
2147,88,2024,88-2024-9
2148,88,2024,88-2024-10
2149,88,2024,88-2024-11
2150,88,2024,88-2024-12
2151,88,2024,88-2024-13
2152,88,2024,88-2024-14
2153,88,2024,88-2024-15
2154,88,2024,88-2024-16
2155,88,2024,88-2024-17
2156,88,2024,88-2024-18
2157,88,2024,88-2024-19
2158,88,2024,88-2024-20
2159,88,2024,88-2024-21
2160,88,2024,88-2024-22
2161,88,2024,88-2024-23
2162,88,2024,88-2024-24
2163,88,2024,88-2024-25
2164,88,2024,88-2024-26
2165,88,2024,88-2024-27
2166,88,2024,88-2024-28
2167,88,2024,88-2024-29
2168,88,2024,88-2024-31
2169,88,2024,88-2024-30
2170,88,2024,88-2024-32
2171,88,2024,88-2024--1
2172,88,2024,88-2024-33
2173,88,2024,88-2024-34
2174,88,2025,88-2025-1
2175,88,2025,88-2025-2
2176,88,2025,88-2025-3
2177,88,2025,88-2025-4
2178,88,2025,88-2025-5
2179,88,2025,88-2025-6
2180,88,2025,88-2025-7
2181,88,2025,88-2025-8
2182,88,2025,88-2025-9
2183,88,2025,88-2025-10
2184,88,2025,88-2025-11
2185,88,2025,88-2025-12
2186,88,2025,88-2025-13
2187,88,2025,88-2025-14
2188,88,2025,88-2025-15
2189,88,2025,88-2025-16
2190,88,2025,88-2025-17
2191,88,2025,88-2025-18
2192,88,2025,88-2025-19
2193,88,2025,88-2025-20
2194,88,2025,88-2025-21
2195,88,2025,88-2025-22
2196,88,2025,88-2025-23
2197,88,2025,88-2025-24
2198,88,2025,88-2025-25
2199,88,2025,88-2025-26
2200,88,2025,88-2025-27
2201,88,2025,88-2025-28
2202,88,2025,88-2025-29
2203,88,2025,88-2025-30
2204,88,2025,88-2025-31
2205,88,2025,88-2025-32
2206,88,2025,88-2025-33
2207,88,2025,88-2025-34
2208,94,2016,94-2016-1
2209,94,2016,94-2016-2
2210,94,2016,94-2016-3
2211,94,2016,94-2016-4
2212,94,2016,94-2016-5
2213,94,2016,94-2016-6
2214,94,2016,94-2016-7
2215,94,2016,94-2016-8
2216,94,2016,94-2016-9
2217,94,2016,94-2016-10
2218,94,2016,94-2016-11
2219,94,2016,94-2016-12
2220,94,2016,94-2016-13
2221,94,2016,94-2016-15
2222,94,2016,94-2016-14
2223,94,2016,94-2016-16
2224,94,2016,94-2016-17
2225,94,2016,94-2016-18
2226,94,2016,94-2016-19
2227,94,2016,94-2016-20
2228,94,2016,94-2016-21
2229,94,2016,94-2016-22
2230,94,2016,94-2016-23
2231,94,2016,94-2016-24
2232,94,2016,94-2016-25
2233,94,2016,94-2016-26
2234,94,2016,94-2016-27
2235,94,2016,94-2016-28
2236,94,2016,94-2016-29
2237,94,2016,94-2016-30
2238,94,2016,94-2016-31
2239,94,2016,94-2016-32
2240,94,2016,94-2016-33
2241,94,2016,94-2016-34
2242,94,2017,94-2017-1
2243,94,2017,94-2017-2
2244,94,2017,94-2017-3
2245,94,2017,94-2017-4
2246,94,2017,94-2017-5
2247,94,2017,94-2017-6
2248,94,2017,94-2017-7
2249,94,2017,94-2017-8
2250,94,2017,94-2017-9
2251,94,2017,94-2017-10
2252,94,2017,94-2017-11
2253,94,2017,94-2017-12
2254,94,2017,94-2017-13
2255,94,2017,94-2017-14
2256,94,2017,94-2017-15
2257,94,2017,94-2017-16
2258,94,2017,94-2017-17
2259,94,2017,94-2017-18
2260,94,2017,94-2017-19
2261,94,2017,94-2017-20
2262,94,2017,94-2017-21
2263,94,2017,94-2017-22
2264,94,2017,94-2017-23
2265,94,2017,94-2017-24
2266,94,2017,94-2017-25
2267,94,2017,94-2017-26
2268,94,2017,94-2017-27
2269,94,2017,94-2017-28
2270,94,2017,94-2017-29
2271,94,2017,94-2017-30
2272,94,2017,94-2017-31
2273,94,2017,94-2017-32
2274,94,2017,94-2017-33
2275,94,2017,94-2017-34
2276,94,2018,94-2018-1
2277,94,2018,94-2018-2
2278,94,2018,94-2018-3
2279,94,2018,94-2018-4
2280,94,2018,94-2018-5
2281,94,2018,94-2018-6
2282,94,2018,94-2018-7
2283,94,2018,94-2018-8
2284,94,2018,94-2018-9
2285,94,2018,94-2018-10
2286,94,2018,94-2018-11
2287,94,2018,94-2018-12
2288,94,2018,94-2018-13
2289,94,2018,94-2018-14
2290,94,2018,94-2018-15
2291,94,2018,94-2018-16
2292,94,2018,94-2018-17
2293,94,2018,94-2018-18
2294,94,2018,94-2018-19
2295,94,2018,94-2018-20
2296,94,2018,94-2018-21
2297,94,2018,94-2018-22
2298,94,2018,94-2018-23
2299,94,2018,94-2018-24
2300,94,2018,94-2018-25
2301,94,2018,94-2018-26
2302,94,2018,94-2018-27
2303,94,2018,94-2018-28
2304,94,2018,94-2018-29
2305,94,2018,94-2018-30
2306,94,2018,94-2018-31
2307,94,2018,94-2018-32
2308,94,2018,94-2018-33
2309,94,2018,94-2018-34
2310,94,2019,94-2019-1
2311,94,2019,94-2019-2
2312,94,2019,94-2019-3
2313,94,2019,94-2019-4
2314,94,2019,94-2019-5
2315,94,2019,94-2019-6
2316,94,2019,94-2019-7
2317,94,2019,94-2019-9
2318,94,2019,94-2019-8
2319,94,2019,94-2019-10
2320,94,2019,94-2019-11
2321,94,2019,94-2019-12
2322,94,2019,94-2019-13
2323,94,2019,94-2019-14
2324,94,2019,94-2019-15
2325,94,2019,94-2019-16
2326,94,2019,94-2019-17
2327,94,2019,94-2019-18
2328,94,2019,94-2019-19
2329,94,2019,94-2019-20
2330,94,2019,94-2019-21
2331,94,2019,94-2019-22
2332,94,2019,94-2019-23
2333,94,2019,94-2019-24
2334,94,2019,94-2019-25
2335,94,2019,94-2019-26
2336,94,2019,94-2019-27
2337,94,2019,94-2019-28
2338,94,2019,94-2019-29
2339,94,2019,94-2019-30
2340,94,2019,94-2019-31
2341,94,2019,94-2019-32
2342,94,2019,94-2019-33
2343,94,2019,94-2019-34
2344,94,2020,94-2020-1
2345,94,2020,94-2020-2
2346,94,2020,94-2020-3
2347,94,2020,94-2020-4
2348,94,2020,94-2020-5
2349,94,2020,94-2020-6
2350,94,2020,94-2020-7
2351,94,2020,94-2020-8
2352,94,2020,94-2020-9
2353,94,2020,94-2020-10
2354,94,2020,94-2020-11
2355,94,2020,94-2020-12
2356,94,2020,94-2020-13
2357,94,2020,94-2020-14
2358,94,2020,94-2020-15
2359,94,2020,94-2020-16
2360,94,2020,94-2020-17
2361,94,2020,94-2020-18
2362,94,2020,94-2020-19
2363,94,2020,94-2020-20
2364,94,2020,94-2020-21
2365,94,2020,94-2020-22
2366,94,2020,94-2020-23
2367,94,2020,94-2020-24
2368,94,2020,94-2020-25
2369,94,2020,94-2020-26
2370,94,2020,94-2020-27
2371,94,2020,94-2020-28
2372,94,2020,94-2020-29
2373,94,2020,94-2020-30
2374,94,2020,94-2020-31
2375,94,2020,94-2020-32
2376,94,2020,94-2020-33
2377,94,2020,94-2020-34
2378,94,2020,94-2020--1
2379,94,2021,94-2021-1
2380,94,2021,94-2021-2
2381,94,2021,94-2021-3
2382,94,2021,94-2021-4
2383,94,2021,94-2021-5
2384,94,2021,94-2021-6
2385,94,2021,94-2021-7
2386,94,2021,94-2021-8
2387,94,2021,94-2021-9
2388,94,2021,94-2021-10
2389,94,2021,94-2021-11
2390,94,2021,94-2021-12
2391,94,2021,94-2021-13
2392,94,2021,94-2021-14
2393,94,2021,94-2021-15
2394,94,2021,94-2021-16
2395,94,2021,94-2021-17
2396,94,2021,94-2021-18
2397,94,2021,94-2021-19
2398,94,2021,94-2021-20
2399,94,2021,94-2021-21
2400,94,2021,94-2021-22
2401,94,2021,94-2021-23
2402,94,2021,94-2021-24
2403,94,2021,94-2021-25
2404,94,2021,94-2021-26
2405,94,2021,94-2021-27
2406,94,2021,94-2021-28
2407,94,2021,94-2021-29
2408,94,2021,94-2021-30
2409,94,2021,94-2021-31
2410,94,2021,94-2021-32
2411,94,2021,94-2021-33
2412,94,2021,94-2021-34
2413,94,2021,94-2021--1
2414,94,2022,94-2022-1
2415,94,2022,94-2022-2
2416,94,2022,94-2022-3
2417,94,2022,94-2022-4
2418,94,2022,94-2022-5
2419,94,2022,94-2022-6
2420,94,2022,94-2022-7
2421,94,2022,94-2022-8
2422,94,2022,94-2022-9
2423,94,2022,94-2022-10
2424,94,2022,94-2022-11
2425,94,2022,94-2022-12
2426,94,2022,94-2022-13
2427,94,2022,94-2022-14
2428,94,2022,94-2022-15
2429,94,2022,94-2022-16
2430,94,2022,94-2022-17
2431,94,2022,94-2022-20
2432,94,2022,94-2022-18
2433,94,2022,94-2022-19
2434,94,2022,94-2022-21
2435,94,2022,94-2022-22
2436,94,2022,94-2022-23
2437,94,2022,94-2022-24
2438,94,2022,94-2022-25
2439,94,2022,94-2022-26
2440,94,2022,94-2022-27
2441,94,2022,94-2022-28
2442,94,2022,94-2022-29
2443,94,2022,94-2022-30
2444,94,2022,94-2022-31
2445,94,2022,94-2022-32
2446,94,2022,94-2022-33
2447,94,2022,94-2022-34
2448,94,2022,94-2022--1
2449,94,2023,94-2023-1
2450,94,2023,94-2023-2
2451,94,2023,94-2023-3
2452,94,2023,94-2023-4
2453,94,2023,94-2023-5
2454,94,2023,94-2023-6
2455,94,2023,94-2023-7
2456,94,2023,94-2023-8
2457,94,2023,94-2023-9
2458,94,2023,94-2023-10
2459,94,2023,94-2023-11
2460,94,2023,94-2023-12
2461,94,2023,94-2023-13
2462,94,2023,94-2023-14
2463,94,2023,94-2023-15
2464,94,2023,94-2023-16
2465,94,2023,94-2023-17
2466,94,2023,94-2023-18
2467,94,2023,94-2023-19
2468,94,2023,94-2023-20
2469,94,2023,94-2023-21
2470,94,2023,94-2023-22
2471,94,2023,94-2023-23
2472,94,2023,94-2023-24
2473,94,2023,94-2023-25
2474,94,2023,94-2023-26
2475,94,2023,94-2023-27
2476,94,2023,94-2023-28
2477,94,2023,94-2023-29
2478,94,2023,94-2023-30
2479,94,2023,94-2023-31
2480,94,2023,94-2023-32
2481,94,2023,94-2023-33
2482,94,2023,94-2023-34
2483,94,2023,94-2023--1
2484,94,2024,94-2024-1
2485,94,2024,94-2024-2
2486,94,2024,94-2024-3
2487,94,2024,94-2024-4
2488,94,2024,94-2024-5
2489,94,2024,94-2024-6
2490,94,2024,94-2024-7
2491,94,2024,94-2024-8
2492,94,2024,94-2024-9
2493,94,2024,94-2024-10
2494,94,2024,94-2024-11
2495,94,2024,94-2024-12
2496,94,2024,94-2024-13
2497,94,2024,94-2024-14
2498,94,2024,94-2024-15
2499,94,2024,94-2024-16
2500,94,2024,94-2024-17
2501,94,2024,94-2024-18
2502,94,2024,94-2024-19
2503,94,2024,94-2024-20
2504,94,2024,94-2024-21
2505,94,2024,94-2024-22
2506,94,2024,94-2024-23
2507,94,2024,94-2024-24
2508,94,2024,94-2024-25
2509,94,2024,94-2024-26
2510,94,2024,94-2024-27
2511,94,2024,94-2024-28
2512,94,2024,94-2024-29
2513,94,2024,94-2024-30
2514,94,2024,94-2024-31
2515,94,2024,94-2024-32
2516,94,2024,94-2024-33
2517,94,2024,94-2024-34
2518,94,2024,94-2024--1
2519,94,2025,94-2025-1
2520,94,2025,94-2025-2
2521,94,2025,94-2025-3
2522,94,2025,94-2025-4
2523,94,2025,94-2025-5
2524,94,2025,94-2025-6
2525,94,2025,94-2025-7
2526,94,2025,94-2025-8
2527,94,2025,94-2025-9
2528,94,2025,94-2025-10
2529,94,2025,94-2025-11
2530,94,2025,94-2025-12
2531,94,2025,94-2025-13
2532,94,2025,94-2025-14
2533,94,2025,94-2025-15
2534,94,2025,94-2025-16
2535,94,2025,94-2025-17
2536,94,2025,94-2025-18
2537,94,2025,94-2025-19
2538,94,2025,94-2025-20
2539,94,2025,94-2025-21
2540,94,2025,94-2025-22
2541,94,2025,94-2025-23
2542,94,2025,94-2025-24
2543,94,2025,94-2025-25
2544,94,2025,94-2025-26
2545,94,2025,94-2025-27
2546,94,2025,94-2025-28
2547,94,2025,94-2025-29
2548,94,2025,94-2025-30
2549,94,2025,94-2025-31
2550,94,2025,94-2025-32
2551,94,2025,94-2025-33
2552,94,2025,94-2025-34
